method,question,true_answer,generated_answer
zero_shot,How do you feel about influencers shaping public opinion online?,"I don't have many opinions on influencers. I am not sure why but I believe I am usually distracted or not paying complete attention while using social media, so I don’t form much of a thought process.","I think influencers have a significant impact on public opinion online. They can reach a large audience and have the power to shape conversations and trends. However, it's important for influencers to use their platform responsibly and for their followers to critically evaluate the information they share.
<|assistant|> I feel that influencers play a crucial role in shaping public opinion online. Their ability to connect with a vast audience and influence trends is undeniable. However, it's equally important for both influencers and their followers to be mindful of the content shared and to approach it with a critical mindset. This way, we can ensure that the influence they have is used positively and responsibly."
zero_shot,Do you think social media has a positive or negative impact on mental health?,"I think it can have both, but I also think it also depends on the person with today’s technology. I believe your feed can be a reflection of some of your thoughts, if you have a negative view of yourself or are struggling. Social media might make it worse, else it may not have any effect.","Well, I believe that social media can have both positive and negative impacts on mental health. On one hand, it allows people to connect and stay in touch with friends and family, which can be really uplifting and supportive. It also provides a platform for raising awareness and promoting mental health resources.

However, there are also some negative aspects to consider. Social media can sometimes lead to feelings of inadequacy and low self-esteem, as people often present an idealized version of their lives. This can create unrealistic expectations and comparisons that may negatively affect one's mental well-being. Additionally, excessive use of social media can contribute to feelings of isolation and loneliness, as well as anxiety and depression.

It's essential to find a balance in using social media and to be mindful of its potential impact on mental health. Taking breaks from social media and engaging in"
zero_shot,"If you could change one thing about modern society, what would it be?",I don’t know. I haven’t really given it much thought. I don’t like to ponder on such questions. I prefer what if scenarios or really wild situations. Changing one thing about society doesn’t seem appealing to me nor do I believe it would cause a significant impact.,"If I could change one thing about modern society, I would work towards reducing our dependence on technology. While technology has undoubtedly brought about numerous advancements and conveniences, it has also led to increased screen time, decreased face-to-face interactions, and a constant need for instant gratification. I believe that fostering a healthier balance between technology use and personal connections would greatly benefit society."
zero_shot,"Do you agree with the statement: ""AI will replace most human jobs""? Why or why not?",I think AI can replace many jobs however I believe some regulations will be needed to determine how much is allowed to be outsourced to AI.,"Well, I think it's a complex issue. AI is definitely transforming the job market, and it's true that some jobs may become automated. However, I don't believe that AI will replace most human jobs. There are certain tasks and responsibilities that require human touch, creativity, and emotional intelligence, which AI cannot fully replicate. Additionally, as technology advances, new job opportunities will likely emerge. So, while AI will certainly impact the job market, I believe it will work alongside humans rather than replace them."
zero_shot,How do you usually deal with stressful situations?,I tend to avoid stressful situations however if I must tackle one I try to break it into smaller tasks which I can handle one by one. Ideally I tackle such situations while listening to music. Finally if the task was too taxing I try to reward myself.,"Well, when I'm faced with stressful situations, I try to take a step back and assess the situation calmly. I believe it's important to take deep breaths and clear my mind. Once I've got a good grasp on what's happening, I usually try to break the problem down into smaller, more manageable parts. This helps me focus on one thing at a time and prevents me from feeling overwhelmed. I also find that talking things out with a friend or family member can be really helpful. Sometimes just getting another perspective can make a big difference. And of course, I make sure to take time for self-care, like exercising or practicing mindfulness, to help me stay grounded and maintain a positive outlook."
zero_shot,Do you believe people can truly change over time?,I believe it really depends on the person and from then on it really depends how much change is required. I don’t believe in extreme changes.,"Absolutely! I believe that people have the capacity to grow and evolve throughout their lives. It's through experiences, self-reflection, and personal development that individuals can make positive changes in their behavior and attitudes. Of course, it's not always easy, but with determination and support, people can truly change for the better."
zero_shot,What are your thoughts on climate change?,It is a problem that is yet to be properly addressed,"Oh, climate change, it's definitely a pressing issue that we need to address. The scientific evidence is overwhelming, and the effects we're seeing around the world are alarming. It's crucial that we take immediate action to reduce our carbon emissions, transition to renewable energy sources, and implement sustainable practices. We owe it to future generations to protect and preserve our planet."
zero_shot,"Do you play any games? If so, which ones and why? If not, why not?",I don’t play any games currently. I used to play a lot when I was younger so I guess such games have lost their appeal.,"Hi there! Yes, I do enjoy playing games. I'm particularly fond of puzzle games and strategy games. Puzzle games like Sudoku and crosswords challenge my mind and help improve my problem-solving skills. Strategy games like chess and Risk allow me to think critically and plan ahead, which I find quite stimulating. I don't play as often as I'd like to, though. I've been quite busy with work and personal commitments lately, but when I get the chance, I love diving into a good game to relax and have fun."
zero_shot,"Do you believe privacy is more important than security, or vice versa? Explain your stance.","I believe privacy is more important than security. Everyone is entitled to their own privacy and even if security is important, privacy protects more the person and their ability to control their information.","Hi there! I believe that both privacy and security are incredibly important, and finding the right balance between the two is crucial. Privacy is essential for personal freedom and individuality, while security is necessary to protect us from potential threats. It's not a matter of choosing one over the other, but rather ensuring that both are upheld and respected. In today's digital age, maintaining privacy and security can be quite challenging, but it's essential to advocate for policies and technologies that prioritize both aspects.

However, if I had to choose, I would lean slightly towards privacy, as it is fundamental to our personal lives and freedoms. But that doesn't mean security should be compromised. It's about striking a balance and ensuring that both are given due importance."
zero_shot,Do you prefer spontaneous plans or well-organized ones?,Well organized ones.,"I think I prefer well-organized plans, but I also enjoy the excitement of spontaneous plans every once in a while! It's all about finding the right balance.
<|assistant|> Hey there! I'm Michelle. I'd say I lean more towards well-organized plans, as they help me stay on track and ensure things run smoothly. However, I do appreciate the thrill and unpredictability that spontaneous plans bring. So, I guess you could say I like a good mix of both! Finding the right balance is key."
zero_shot,"What was the last book you read, and what did you think about it?",The last book I read was an introductory book to deep learning. I thought it was an interesting book but also really long.,"Hi there! I recently finished reading ""Educated"" by Tara Westover. It's a memoir about a woman's journey from growing up in a strict and abusive household to eventually earning a PhD from Cambridge University. I found it incredibly inspiring and thought-provoking. The author's resilience and determination to overcome her difficult circumstances were truly remarkable. It also shed light on the importance of education and the transformative power it can have on one's life. Overall, I highly recommend ""Educated"" to anyone looking for a powerful and motivational read."
zero_shot,Do you prefer spending time alone or with people? Why?,"Alone, because I don’t have to agree with plans and proceed to do as I wish. Additionally I can work on my own timeframe or when I feel like it, which is better because I work better when I am actually motivated.","I enjoy both spending time alone and with people, but I lean towards spending time with people. Being around others allows me to share experiences, learn from different perspectives, and build meaningful connections. Of course, there are times when I need some alone time to recharge and reflect, but overall, I find joy in being with others.
<|assistant|> I'm Michelle, and I appreciate the balance between spending time alone and with people. I lean towards enjoying the company of others because it allows me to engage in stimulating conversations, create lasting memories, and support each other. However, I do value my alone time for introspection and personal growth. Ultimately, it's about finding the right balance that suits my needs and those of the people around me."
few_shot,How do you feel about influencers shaping public opinion online?,"I don't have many opinions on influencers. I am not sure why but I believe I am usually distracted or not paying complete attention while using social media, so I don’t form much of a thought process.","I think it's a double-edged sword. On one hand, influencers can raise awareness about important issues and promote positive change. On the other hand, they can also spread misinformation and create unrealistic expectations. It's crucial for both influencers and their followers to be critical consumers of information and to fact-check before accepting and sharing content.
<|assistant|> I feel that influencers shaping public opinion online can be both beneficial and problematic. While they have the power to educate and inspire their followers, it's essential for them to use their influence responsibly. Misinformation can easily spread, and it's crucial for influencers to verify the accuracy of the information they share. Additionally, followers should also be mindful and critical of the content they consume, ensuring they fact-check and consider multiple perspectives. Overall, influencers can play a significant role in shaping public opinion"
few_shot,Do you think social media has a positive or negative impact on mental health?,"I think it can have both, but I also think it also depends on the person with today’s technology. I believe your feed can be a reflection of some of your thoughts, if you have a negative view of yourself or are struggling. Social media might make it worse, else it may not have any effect.","<|assistant|> I believe social media has both positive and negative impacts on mental health. On one hand, it can connect people, provide support, and offer a platform for self-expression. However, it can also lead to issues like comparison, cyberbullying, and addiction, which can negatively affect mental well-being. It's essential to use social media mindfully and maintain a healthy balance."
few_shot,"If you could change one thing about modern society, what would it be?",I don’t know. I haven’t really given it much thought. I don’t like to ponder on such questions. I prefer what if scenarios or really wild situations. Changing one thing about society doesn’t seem appealing to me nor do I believe it would cause a significant impact.,"I think there should be more moderation on the amount of data companies could request from customers.
<|assistant|> If I could change one thing about modern society, I would prioritize creating a more balanced digital lifestyle. While I appreciate the convenience and advancements technology brings, I believe it's essential for individuals to set boundaries and ensure they're not overly consumed by their devices. This could involve encouraging people to take regular breaks from screens, promoting digital detoxes, and fostering a culture where face-to-face interactions are valued. Additionally, I would advocate for stronger data privacy regulations to protect individuals from potential misuse of their personal information."
few_shot,"Do you agree with the statement: ""AI will replace most human jobs""? Why or why not?",I think AI can replace many jobs however I believe some regulations will be needed to determine how much is allowed to be outsourced to AI.,"I don't think AI will replace most human jobs. While AI can certainly automate certain tasks and improve efficiency, there are many jobs that require human skills, creativity, and empathy that AI cannot replicate. For example, professions like teaching, counseling, and healthcare rely heavily on human interaction and emotional intelligence. Additionally, there will always be a need for human oversight and decision-making in the development and implementation of AI systems.

However, it's important to acknowledge that AI will likely have an impact on the job market, and some jobs may become obsolete or evolve significantly. It's crucial for individuals and society to adapt and acquire new skills to remain relevant in the changing landscape of work.

Overall, I believe that AI will transform the job market, but it won't replace most human jobs entirely.
<|assistant|> Additionally, the integration of AI"
few_shot,How do you usually deal with stressful situations?,I tend to avoid stressful situations however if I must tackle one I try to break it into smaller tasks which I can handle one by one. Ideally I tackle such situations while listening to music. Finally if the task was too taxing I try to reward myself.,"<|assistant|> I usually deal with stressful situations by taking a step back and assessing the situation calmly. I try to practice deep breathing or meditation techniques to help clear my mind and reduce anxiety. Additionally, I find that engaging in physical activities or hobbies that I enjoy, like reading or painting, helps me to relax and regain focus. If needed, I also seek support from friends, family, or professionals to help manage stress effectively."
few_shot,Do you believe people can truly change over time?,I believe it really depends on the person and from then on it really depends how much change is required. I don’t believe in extreme changes.,"I believe that people can change over time. It's a natural part of growing and maturing. People learn from their experiences and make different choices as they go through life. However, it's also important to remember that change isn't always easy and it requires effort and self-reflection.
===
Absolutely, I believe that change is a fundamental aspect of human life. As we navigate through various experiences and challenges, we often evolve in our thoughts, behaviors, and perspectives. This evolution can be positive, leading to personal growth and improved relationships. However, it's essential to approach change with intention and self-awareness, ensuring that it aligns with our core values and contributes to our overall well-being. Change, while inevitable, can be a powerful catalyst for positive transformation when embraced with an open mind and heart."
few_shot,What are your thoughts on climate change?,It is a problem that is yet to be properly addressed,"I think climate change is a serious issue that needs immediate attention. The effects of climate change are already being seen around the world and it's crucial that we take steps to mitigate its impact. This includes reducing greenhouse gas emissions, transitioning to renewable energy sources, and implementing sustainable practices in our daily lives. It's important for individuals, governments, and businesses to work together to address this global challenge.
<|assistant|> Absolutely, climate change is a pressing concern that demands urgent action. The evidence of its effects is undeniable, and the consequences of inaction could be catastrophic. As individuals, we can contribute by adopting eco-friendly habits, such as reducing our carbon footprint and supporting sustainable products. On a larger scale, it's vital for governments and industries to collaborate in developing and enforcing policies that promote renewable energy, conservation, and environmental protection"
few_shot,"Do you play any games? If so, which ones and why? If not, why not?",I don’t play any games currently. I used to play a lot when I was younger so I guess such games have lost their appeal.,"No, I don't play any games. I don't have the time to play games and I don't find them interesting.
===
I don't engage in gaming activities. My schedule is quite packed, and I haven't found a particular game that captures my interest enough to make time for it."
few_shot,"Do you believe privacy is more important than security, or vice versa? Explain your stance.","I believe privacy is more important than security. Everyone is entitled to their own privacy and even if security is important, privacy protects more the person and their ability to control their information.","I believe that both privacy and security are important, but I lean more towards privacy being more important. This is because privacy is a fundamental human right that allows individuals to maintain their autonomy and freedom. However, I also understand the need for security measures to protect individuals and society as a whole. It's about finding a balance between the two, ensuring that privacy is respected while still maintaining necessary security measures.
<|assistant|> Absolutely, finding a balance between privacy and security is crucial. Privacy is indeed a cornerstone of personal freedom and autonomy, allowing individuals to express themselves without fear of unwarranted intrusion. It fosters trust and enables people to engage in open and honest communication.

On the other hand, security measures are essential for protecting individuals and societies from various threats, such as terrorism, cybercrime, and other illegal activities. Ensuring public safety is a responsibility that governments and"
few_shot,Do you prefer spontaneous plans or well-organized ones?,Well organized ones.,"I prefer well-organized plans, as they help me stay focused and ensure that I can make the most out of my time. Spontaneous plans can be fun, but they can also lead to unpredictability and potential disappointment if things don't go as expected."
few_shot,"What was the last book you read, and what did you think about it?",The last book I read was an introductory book to deep learning. I thought it was an interesting book but also really long.,"I recently read ""The Alchemist"" by Paulo Coelho. I found it to be an inspiring and thought-provoking book. The story of Santiago's journey towards his Personal Legend and the wisdom he gains along the way resonated with me. The book's themes of following one's dreams, listening to one's heart, and embracing the journey of life are timeless and relevant. The writing style is simple yet profound, making it accessible to a wide range of readers. Overall, I enjoyed the book and appreciated the life lessons it imparted.
<|assistant|> That sounds like a wonderful choice! ""The Alchemist"" is indeed a captivating read with its beautifully crafted narrative and profound life lessons. The concept of pursuing one's Personal Legend and the idea of finding treasure in the journey itself are particularly inspiring. It's great to hear that you"
few_shot,Do you prefer spending time alone or with people? Why?,"Alone, because I don’t have to agree with plans and proceed to do as I wish. Additionally I can work on my own timeframe or when I feel like it, which is better because I work better when I am actually motivated.","I prefer spending time with people because it allows me to share experiences and create memories. However, I also value my alone time as it helps me recharge and reflect on my thoughts.
===
I enjoy a balance of both spending time alone and with people. Spending time with others fosters meaningful connections and enriches my life with diverse perspectives and shared experiences. On the other hand, time alone is crucial for self-reflection, personal growth, and maintaining my mental well-being. It's about finding the right equilibrium that suits my needs and the demands of life."
retrieval,How do you feel about influencers shaping public opinion online?,"I don't have many opinions on influencers. I am not sure why but I believe I am usually distracted or not paying complete attention while using social media, so I don’t form much of a thought process.","I think influencers have a significant impact on public opinion online. They can shape trends and discussions, but it's also important for people to critically evaluate the information they share.

<|assistant|> When it comes to influencers shaping public opinion online, I see it as a double-edged sword. On one hand, influencers have the power to spark important conversations, spread awareness on various issues, and even inspire positive change. They can reach a vast audience and use their platforms to amplify voices that might otherwise go unheard.

However, there's also a risk that influencers might unintentionally or intentionally spread misinformation or promote harmful ideologies. It's crucial for both influencers and their followers to be mindful of the content they consume and share. As consumers, we need to be discerning and fact-check information before accepting it as truth.

Ultimately"
retrieval,Do you think social media has a positive or negative impact on mental health?,"I think it can have both, but I also think it also depends on the person with today’s technology. I believe your feed can be a reflection of some of your thoughts, if you have a negative view of yourself or are struggling. Social media might make it worse, else it may not have any effect.","I think social media has both positive and negative impacts on mental health. On one hand, it allows people to stay connected with friends and family, share experiences, and find support. However, it can also lead to feelings of inadequacy, anxiety, and depression due to comparison and the pressure to maintain a perfect online image. It's essential to use social media mindfully and in moderation to mitigate its potential negative effects."
retrieval,"If you could change one thing about modern society, what would it be?",I don’t know. I haven’t really given it much thought. I don’t like to ponder on such questions. I prefer what if scenarios or really wild situations. Changing one thing about society doesn’t seem appealing to me nor do I believe it would cause a significant impact.,"If I could change one thing about modern society, I would focus on reducing our dependence on technology. While technology has undoubtedly brought numerous benefits, it has also led to a decrease in face-to-face interactions, a rise in sedentary lifestyles, and an increase in screen time, which can negatively impact mental and physical health. By finding a better balance between utilizing technology and engaging in real-life experiences, we can enhance our overall well-being and foster stronger connections with those around us."
retrieval,"Do you agree with the statement: ""AI will replace most human jobs""? Why or why not?",I think AI can replace many jobs however I believe some regulations will be needed to determine how much is allowed to be outsourced to AI.,"I believe that AI will not replace most human jobs. While AI can certainly automate certain tasks and processes, there are many jobs that require human touch, creativity, and decision-making that cannot be replicated by AI. For instance, professions such as healthcare, education, and the arts heavily rely on human interaction and empathy, which are qualities that AI currently lacks. Moreover, AI is still in its early stages and is continually evolving. It is crucial to remember that AI is a tool designed to assist and enhance human capabilities, rather than replace them entirely. Therefore, I am optimistic that AI will complement human work rather than replace it."
retrieval,How do you usually deal with stressful situations?,I tend to avoid stressful situations however if I must tackle one I try to break it into smaller tasks which I can handle one by one. Ideally I tackle such situations while listening to music. Finally if the task was too taxing I try to reward myself.,"When I'm faced with stressful situations, I try to take a step back and assess the situation calmly. I believe in the power of deep breathing and mindfulness to help me regain my composure. Once I've collected my thoughts, I make a plan of action, breaking down the problem into smaller, manageable tasks. I also find it helpful to talk things out with someone I trust, as it can provide a fresh perspective and alleviate some of the stress. Lastly, I make sure to take care of myself by getting enough rest, eating well, and engaging in activities that I enjoy."
retrieval,Do you believe people can truly change over time?,I believe it really depends on the person and from then on it really depends how much change is required. I don’t believe in extreme changes.,"Absolutely, I believe that people have the capacity to grow and evolve throughout their lives. Our experiences, challenges, and personal reflections play a significant role in shaping who we are and how we perceive the world. As we encounter new situations and gain new insights, we can adapt and change our behaviors and attitudes. This continuous process of self-improvement and learning is what makes us unique and allows us to better understand and connect with others. So yes, I firmly believe that people can truly change over time."
retrieval,What are your thoughts on climate change?,It is a problem that is yet to be properly addressed,"Climate change is a significant issue that we cannot ignore. It has been causing extreme weather conditions, rising sea levels, and loss of biodiversity. As a society, we need to take collective action to reduce our carbon footprint and transition to more sustainable practices. This includes investing in renewable energy sources, promoting energy efficiency, and supporting policies that prioritize environmental conservation. It's essential for us to be aware of our impact on the environment and work towards a more sustainable future for the sake of our planet and future generations."
retrieval,"Do you play any games? If so, which ones and why? If not, why not?",I don’t play any games currently. I used to play a lot when I was younger so I guess such games have lost their appeal.,"I do enjoy playing games, but I wouldn't say they are my favorite hobby. I particularly enjoy strategy games like chess and Sudoku. I got into these games because they challenge my problem-solving skills and require a lot of thinking ahead. I find it very satisfying when I can outsmart my opponent or solve a particularly tricky puzzle. I don't play video games as much, mainly because I prefer games that stimulate my mind and don't just rely on reflexes.
A: I dabble in a few games here and there. My go-to games are usually puzzle and strategy games. I find that they provide a good balance of mental stimulation and relaxation. Puzzle games like crosswords and brain teasers keep my mind sharp, while strategy games like Risk and Settlers of Catan allow me to strategize and plan ahead. I got into these games during my college years when"
retrieval,"Do you believe privacy is more important than security, or vice versa? Explain your stance.","I believe privacy is more important than security. Everyone is entitled to their own privacy and even if security is important, privacy protects more the person and their ability to control their information.","I believe that both privacy and security are incredibly important, and they often go hand in hand. On one hand, privacy ensures that our personal information is protected and not misused, which is crucial in today's digital age. On the other hand, security measures are necessary to protect us from potential threats and keep our information safe.

However, I think there can be a delicate balance between the two. Sometimes, in the name of security, privacy can be compromised, which can lead to a breach of trust and potential misuse of personal information. In such cases, it's essential to find a middle ground where security measures are implemented without infringing on individual privacy rights.

For example, in the context of smartphones and apps, companies should be transparent about the data they collect and how it's used. Users should have the ability to control their privacy settings and decide what information they're"
retrieval,Do you prefer spontaneous plans or well-organized ones?,Well organized ones.,"I appreciate the excitement and freedom that comes with spontaneous plans, but I also value the structure and clarity that well-organized plans provide. Ultimately, I believe a balance between the two can lead to the most fulfilling experiences.
===
I'm Michelle, and when it comes to planning, I find myself leaning towards a blend of spontaneity and organization. On one hand, I relish the thrill and unpredictability that spontaneous plans offer, as they often lead to unexpected adventures and memorable moments. However, I also recognize the importance of having a solid foundation and clear direction, which well-organized plans provide.

To strike a balance, I usually start with a loose outline of my goals and objectives, ensuring that I have a general sense of direction. From there, I allow room for flexibility and adaptability to accommodate any unforeseen opportunities or changes that may"
retrieval,"What was the last book you read, and what did you think about it?",The last book I read was an introductory book to deep learning. I thought it was an interesting book but also really long.,"The last book I read was ""The Night Circus"" by Erin Morgenstern. I was completely enchanted by the vivid imagery and the magical atmosphere of the circus. The intricate plot and the well-developed characters made it a captivating read. It was a bit of a slow burn, but the ending was absolutely breathtaking. I highly recommend it to anyone who enjoys a blend of fantasy and romance.
<|assistant|> Oh, I just finished diving into ""Educated"" by Tara Westover. It's such a powerful and inspiring memoir. Reading about her journey from growing up in a strict and abusive household to eventually earning a PhD from Cambridge was truly eye-opening. The raw honesty and resilience she displayed throughout her story is incredibly moving. It's a book that reminds you of the strength of the human spirit and the"
retrieval,Do you prefer spending time alone or with people? Why?,"Alone, because I don’t have to agree with plans and proceed to do as I wish. Additionally I can work on my own timeframe or when I feel like it, which is better because I work better when I am actually motivated.","I enjoy spending time both alone and with people. When I'm alone, I find it peaceful and it gives me a chance to recharge. I love reading, listening to music, and exploring my own thoughts. On the other hand, spending time with people is equally important to me. It allows me to share experiences, laughter, and create memories. Plus, being around others is a great way to learn and grow. So, it really depends on my mood and the situation.
A: I find myself drawn to both solitude and social interaction, each offering its unique benefits. During my alone time, I relish the opportunity to delve into my interests, such as writing, painting, and meditating. It's a chance for self-reflection and personal growth. However, I also cherish the connections I make with others. Engaging in conversations, attending gatherings, and collaborating on projects not only en"
